Time,Bodies
0,0
0.559,64
0.938,128
1.418492,192
2.127843,256
2.74096,320
3.441981,384
4.368948,448
5.324346,512
5.998796,576
7.764088,760
8.84889,704
14.107594,768
22.362227,832
13.759794,896
22.183201,960
17.488744,1024
25.090797,1088
23.893502,1152
28.486736,1216
31.865016,1280
35.633176,1344
42.038554,1408
48.670719,1472
48.259087,1536
49.531705,1600
50.876203,1644
56.649103,1728
60.383293,1792
60.214818,1856
63.665169,1920
61.025902,1984